"subject","subject_number","subject_broad","cap_subtopic","cap_topic","cmp_topic"
"4.40.03 Primary and secondary school, European Schools, early childhood","4.40.03","4.40 Education, vocational training and youth","602 Elementary and secondary education","6 Education","506, 507 Education"
"4.40.04 Universities, higher education","4.40.04","4.40 Education, vocational training and youth","601 Higher education","6 Education","506, 507 Education"
"4.40.08 Language learning, regional and local languages","4.40.08","4.40 Education, vocational training and youth","699 Other","6 Education","506, 507 Education"
"3.40.10 Textile and clothing industry, leathers","3.40.10","3.40 Industrial policy","1599 Other","15 Banking, finance and internal trade",.
"3.70.04 Water control and management, pollution of waterways, water pollution","3.70.04","3.70 Environmental policy","701 Drinking water safety, water pollution and conservation, water supply","7 Environment","416, 501 Environmental protection"
"3.30.03.06 Communications by satellite","3.30.03.06","3.30 Information and communications in general","1704 Commercial use of space, satellites","17 Space, science, technology and communication",.
"3.60.06 Trans-European energy networks","3.60.06","3.60 Energy policy","899 Other","8 Energy",.
"2.10.03 Standardisation, EC/EU standards and trade mark, certification, compliance","2.10.03","2.10 Free movement of goods","1595 Harmonisation of technical requirements","15 Banking, finance and internal trade",.
"3.20 Transport policy in general","3.20","3.20 Transport policy in general","1000 General","10 Transportation",.
"3.40.03 Motor industry, cycle and motorcycle, commercial and agricultural vehicles","3.40.03","3.40 Industrial policy","1599 Other","15 Banking, finance and internal trade",.
"4.20 Public health","4.20","4.20 Public health","300 General","3 Health","401-403, 412 Business regulation and incentives"
"4.60.08 Safety of products and services, product liability","4.60.08","4.60 Consumers' protection in general","1525 Consumer protection","15 Banking, finance and internal trade",.
"3.50.02.01 EC, EU framework programme","3.50.02.01","3.50 Research and technological development and space","1700 General","17 Space, science, technology and communication",.
"3.70.10 Man-made disasters, industrial pollution and accidents","3.70.10","3.70 Environmental policy","799 Other","7 Environment","416, 501 Environmental protection"
"3.70.13 Dangerous substances, toxic and radioactive wastes (storage, transport)","3.70.13","3.70 Environmental policy","722 Transport of hazardous waste","7 Environment","416, 501 Environmental protection"
"3.10.13 European Agricultural Guidance and Guarantee Fund, EAGGF and EAGF","3.10.13","3.10 Agricultural policy and economies","402 Agricultural subsidies","4 Agriculture and fisheries","703 Agriculture and fisheries"
"3.10.03 Marketing and trade of agricultural products and livestock","3.10.03","3.10 Agricultural policy and economies","404 Agricultural marketing, research and promotion","4 Agriculture and fisheries","703 Agriculture and fisheries"
"3.10.08 Animal health requirements, veterinary legislation and pharmacy","3.10.08","3.10 Agricultural policy and economies","406 Animal welfare in agriculture","4 Agriculture and fisheries","703 Agriculture and fisheries"
"3.10.08.05 Animal diseases","3.10.08.05","3.10 Agricultural policy and economies","410 Animal disease","4 Agriculture and fisheries","703 Agriculture and fisheries"
"8.70.02 Financial regulations","8.70.02","8.70 Budget of the Union","105 Budget and debt","1 Macroeconomics","404, 408-410, 414-415 Macroeconomics"
"3.50.02.02 Euratom framework programme, research and training programmes","3.50.02.02","3.50 Research and technological development and space","801 Nuclear energy and nuclear regulatory issues","8 Energy",.
"8.60 European statistical legislation","8.60","8.60 European statistical legislation","2013 Statistics and Eurostat","20 EU governance and government operations",.
"3.45.07 Social economy, mutual societies, cooperatives, associations","3.45.07","3.45 Enterprise policy, inter-company cooperation","1599 Other","15 Banking, finance and internal trade",.
"4.10.16 Social and community life, associations, foundations","4.10.16","4.10 Social policy, social charter and protocol","1305 Social services and volunteer associations","13 Social policy",.
"6.40.08 Relations with Asian countries","6.40.08","6.40 Relations with third countries","1999 Other","19 International affairs and foreign aid",.
"4.60.02 Consumer information, advertising, labelling","4.60.02","4.60 Consumers' protection in general","1525 Consumer protection","15 Banking, finance and internal trade",.
"3.30.06 Information and communication technologies, digital technologies","3.30.06","3.30 Information and communications in general","1700 General","17 Space, science, technology and communication",.
"1.20.01 Political rights, right to vote and to stand in elections","1.20.01","1.20 Citizen's rights","206 Voting rights and issues","2 Civil rights, minority issues and civil liberties","201 Citizen's and human rights"
"3.10.06.03 Cereals, rice","3.10.06.03","3.10 Agricultural policy and economies","499 Other","4 Agriculture and fisheries","703 Agriculture and fisheries"
"3.10.02 Processed products, agri-foodstuffs","3.10.02","3.10 Agricultural policy and economies","403 Food inspection and safety","4 Agriculture and fisheries","703 Agriculture and fisheries"
"3.10.15 Agricultural production, farm surpluses, shortages and quotas, non-marketing premiums","3.10.15","3.10 Agricultural policy and economies","499 Other","4 Agriculture and fisheries","703 Agriculture and fisheries"
"3.10.06.07 Sugar","3.10.06.07","3.10 Agricultural policy and economies","499 Other","4 Agriculture and fisheries","703 Agriculture and fisheries"
"3.10.07 Animal and vegetable fats, oils","3.10.07","3.10 Agricultural policy and economies","499 Other","4 Agriculture and fisheries","703 Agriculture and fisheries"
"3.10.06.05 Textile plants, cotton","3.10.06.05","3.10 Agricultural policy and economies","499 Other","4 Agriculture and fisheries","703 Agriculture and fisheries"
"3.10.05 Livestock products, in general","3.10.05","3.10 Agricultural policy and economies","499 Other","4 Agriculture and fisheries","703 Agriculture and fisheries"
"3.10.06.04 Fodder plants","3.10.06.04","3.10 Agricultural policy and economies","499 Other","4 Agriculture and fisheries","703 Agriculture and fisheries"
"3.10.05.02 Milk and dairy products","3.10.05.02","3.10 Agricultural policy and economies","499 Other","4 Agriculture and fisheries","703 Agriculture and fisheries"
"3.10.05.01 Meat","3.10.05.01","3.10 Agricultural policy and economies","499 Other","4 Agriculture and fisheries","703 Agriculture and fisheries"
"3.10.06.01 Fruit, citrus fruits","3.10.06.01","3.10 Agricultural policy and economies","499 Other","4 Agriculture and fisheries","703 Agriculture and fisheries"
"3.10.06.02 Vegetables","3.10.06.02","3.10 Agricultural policy and economies","499 Other","4 Agriculture and fisheries","703 Agriculture and fisheries"
"3.10.06.08 Wine, alcoholic and non-alcoholic beverages","3.10.06.08","3.10 Agricultural policy and economies","499 Other","4 Agriculture and fisheries","703 Agriculture and fisheries"
"3.10.06.09 Industrial plants, tobacco, hops","3.10.06.09","3.10 Agricultural policy and economies","499 Other","4 Agriculture and fisheries","703 Agriculture and fisheries"
"3.70.01 Protection of natural resources: fauna, flora, nature, wildlife, countryside, biodiversity","3.70.01","3.70 Environmental policy","709 Forest, species and biodiversity protection","7 Environment","416, 501 Environmental protection"
"2.70.02 Indirect taxation, VAT, excise duties","2.70.02","2.70 Taxation","120 VAT","1 Macroeconomics","404, 408-410, 414-415 Macroeconomics"
"3.60 Energy policy","3.60","3.60 Energy policy","800 General","8 Energy",.
"6.10.05 Peace preservation, humanitarian and rescue tasks, crisis management","6.10.05","6.10 Common foreign and security policy (CFSP)","1619 Direct war related issues and military operations","16 Defense",.
"3.20.11 Trans-European transport networks","3.20.11","3.20 Transport policy in general","1010 Public works","10 Transportation",.
"3.30.20 Trans-European communications networks","3.30.20","3.30 Information and communications in general","1799 Other","17 Space, science, technology and communication",.
"3.20.03.01 Maritime safety","3.20.03.01","3.20 Transport policy in general","1007 Maritime issues, transport and safety","10 Transportation",.
"3.20.09 Ports policy","3.20.09","3.20 Transport policy in general","1007 Maritime issues, transport and safety","10 Transportation",.
"4.40.15 Vocational education and training","4.40.15","4.40 Education, vocational training and youth","604 Vocational education","6 Education","506, 507 Education"
"6.30.02 Financial and technical cooperation and assistance","6.30.02","6.30 Development cooperation","1901 Foreign aid","19 International affairs and foreign aid",.
"8.40.08 Agencies and bodies of the EU","8.40.08","8.40 Institutions of the Union","2032 Institutions and institutional relationships","20 EU governance and government operations",.
"3.60.04 Nuclear energy, industry and safety","3.60.04","3.60 Energy policy","801 Nuclear energy and nuclear regulatory issues","8 Energy",.
"3.10.10 Foodstuffs, foodstuffs legislation","3.10.10","3.10 Agricultural policy and economies","403 Food inspection and safety","4 Agriculture and fisheries","703 Agriculture and fisheries"
"4.15.15 Health and safety at work, occupational medicine","4.15.15","4.15 Employment policy, action to combat unemployment","501 Worker safety and protection","5 Labour and employment","504-505, 701-702 Employment and social policy"
"3.70 Environmental policy","3.70","3.70 Environmental policy","700 General","7 Environment","416, 501 Environmental protection"
"3.30.15 Telematics","3.30.15","3.30 Information and communications in general","1799 Other","17 Space, science, technology and communication",.
"3.30.03 Telecommunications, data transmission, telephone","3.30.03","3.30 Information and communications in general","1706 Telephone and telecommunication regulation","17 Space, science, technology and communication",.
"3.40 Industrial policy","3.40","3.40 Industrial policy","108 Industrial policy","1 Macroeconomics","404, 408-410, 414-415 Macroeconomics"
"3.70.03 Climate policy, climate change, ozone layer","3.70.03","3.70 Environmental policy","731 Global warming","7 Environment","416, 501 Environmental protection"
"3.50.08 New technologies, biotechnology","3.50.08","3.50 Research and technological development and space","1799 Other","17 Space, science, technology and communication",.
"4.20.02 Medical research","4.20.02","4.20 Public health","398 R&D","3 Health","401-403, 412 Business regulation and incentives"
"3.10 Agricultural policy and economies","3.10","3.10 Agricultural policy and economies","400 General","4 Agriculture and fisheries","703 Agriculture and fisheries"
"3.15 Fisheries policy","3.15","3.15 Fisheries policy","408 Fisheries and fishing","4 Agriculture and fisheries","703 Agriculture and fisheries"
"3.60.02 Oil industry, motor fuels","3.60.02","3.60 Energy policy","803 Natural gas and oil","8 Energy",.
"3.60.05 Alternative and renewable energies","3.60.05","3.60 Energy policy","806 Alternative and renewable energy","8 Energy",.
"3.50.20 Scientific and technological cooperation and agreements","3.50.20","3.50 Research and technological development and space","1705 Science technology transfer, international scientific cooperation","17 Space, science, technology and communication",.
"3.50.06 Research staff, researchers","3.50.06","3.50 Research and technological development and space","1798 R&D","17 Space, science, technology and communication",.
"2.50.04 Banks and credit","2.50.04","2.50 Free movement of capital","1501 Banking system and financial institution regulation","15 Banking, finance and internal trade",.
"6.20.07 Macro-financial assistance to third countries","6.20.07","6.20 Common commercial policy in general","1901 Foreign aid","19 International affairs and foreign aid",.
"4.20.01 Medicine, diseases","4.20.01","4.20 Public health","300 General","3 Health","401-403, 412 Business regulation and incentives"
"3.70.02 Atmospheric pollution, motor vehicle pollution","3.70.02","3.70 Environmental policy","730 Air and noise pollution","7 Environment","416, 501 Environmental protection"
"3.15.01 Fish stocks, conservation of fishery resources","3.15.01","3.15 Fisheries policy","408 Fisheries and fishing","4 Agriculture and fisheries","703 Agriculture and fisheries"
"4.10.10 Social protection, social security","4.10.10","4.10 Social policy, social charter and protocol","1300 General","13 Social policy",.
"3.20.02 Rail transport: passengers and freight","3.20.02","3.20 Transport policy in general","1005 Railroad transportation and safety","10 Transportation",.
"4.15.10 Worker information, participation, trade unions, works councils","4.15.10","4.15 Employment policy, action to combat unemployment","504 Employee relations and labour unions","5 Labour and employment","504-505, 701-702 Employment and social policy"
"6.20.01 Agreements and relations in the context of the World Trade Organization (WTO)","6.20.01","6.20 Common commercial policy in general","1802 Trade negotiations, disputes and agreements","18 Foreign trade",.
"5.20.02 Single currency, euro, euro area","5.20.02","5.20 Monetary union","104 Monetary supply, European Monetary System (EMS), ECB, EIB, and the Treasury","1 Macroeconomics","404, 408-410, 414-415 Macroeconomics"
"3.15.15.02 Fisheries agreements with African countries","3.15.15.02","3.15 Fisheries policy","1902 International resources exploitation and resources agreement","19 International affairs and foreign aid",.
"3.10.01 Agricultural structures and holdings, farmers","3.10.01","3.10 Agricultural policy and economies","400 General","4 Agriculture and fisheries","703 Agriculture and fisheries"
"8.40.09 European officials, EU servants, staff regulations","8.40.09","8.40 Institutions of the Union","2004 Government employee benefits, civil service issues","20 EU governance and government operations",.
"3.15.03 Fishing fleets, safety of fishing vessels","3.15.03","3.15 Fisheries policy","408 Fisheries and fishing","4 Agriculture and fisheries","703 Agriculture and fisheries"
"4.20.03 Drug addiction, alcoholism, smoking","4.20.03","4.20 Public health","342 Alcohol abuse and treatment","3 Health",.
"6.40.04 Relations with the Commonwealth of Independent States (CIS)","6.40.04","6.40 Relations with third countries","1999 Other","19 International affairs and foreign aid",.
"3.10.30 Agricultural statistics","3.10.30","3.10 Agricultural policy and economies","499 Other","4 Agriculture and fisheries","703 Agriculture and fisheries"
"2.10.01 Customs union, tax and duty-free, Community transit","2.10.01","2.10 Free movement of goods","1500 General","15 Banking, finance and internal trade",.
"3.15.06 Fishing industry and statistics, fishery products","3.15.06","3.15 Fisheries policy","408 Fisheries and fishing","4 Agriculture and fisheries","703 Agriculture and fisheries"
"3.15.07 Fisheries inspectorate, surveillance of fishing vessels and areas","3.15.07","3.15 Fisheries policy","408 Fisheries and fishing","4 Agriculture and fisheries","703 Agriculture and fisheries"
"8.70.04 Protecting financial interests of the EU against fraud","8.70.04","8.70 Budget of the Union","1213 White collar crime","12 Law and crime",.
"6.40.06 Relations with ACP countries, conventions and generalities","6.40.06","6.40 Relations with third countries","1999 Other","19 International affairs and foreign aid",.
"2.10.02 Public procurement","2.10.02","2.10 Free movement of goods","2007 Government procurement, procurement fraud and contractor management","20 EU governance and government operations",.
"6.40.04.02 Relations with Russian Federation","6.40.04.02","6.40 Relations with third countries","1999 Other","19 International affairs and foreign aid",.
"3.15.05 Fish catches, import tariff quotas","3.15.05","3.15 Fisheries policy","401 International agricultural trade","4 Agriculture and fisheries","107, 109, 406-407 International and European trade"
"2.60.02 Dumping, monopolies","2.60.02","2.60 Competition","1540 Competition policy","15 Banking, finance and internal trade",.
"3.20.03 Maritime transport: passengers and freight","3.20.03","3.20 Transport policy in general","1007 Maritime issues, transport and safety","10 Transportation",.
"3.20.20 Transport statistics","3.20.20","3.20 Transport policy in general","1099 Other","10 Transportation",.
"3.10.14 Support for producers and premiums","3.10.14","3.10 Agricultural policy and economies","402 Agricultural subsidies","4 Agriculture and fisheries","703 Agriculture and fisheries"
"7.10.04 External borders crossing and controls, visas","7.10.04","7.10 Free movement and integration of third-country nationals","940 Entry of immigrants","9 Immigration","601-602 Migration and border control"
"6.40.05.02 Relations with the countries of the Great Maghreb and Maghreb","6.40.05.02","6.40 Relations with third countries","1999 Other","19 International affairs and foreign aid",.
"4.10.06 People with disabilities","4.10.06","4.10 Social policy, social charter and protocol","1304 Assistance to the disabled and handicapped","13 Social policy",.
"3.10.08.01 Feedingstuffs, animal nutrition","3.10.08.01","3.10 Agricultural policy and economies","406 Animal welfare in agriculture","4 Agriculture and fisheries","703 Agriculture and fisheries"
"4.20.05 Health legislation and policy","4.20.05","4.20 Public health","300 General","3 Health","401-403, 412 Business regulation and incentives"
"6.40.02.02 Relations with northern Europe and the Baltic States","6.40.02.02","6.40 Relations with third countries","1999 Other","19 International affairs and foreign aid",.
"3.20.06 Transport regulations, road safety, roadworthiness tests, driving licence","3.20.06","3.20 Transport policy in general","1001 Mass and public transportation and safety","10 Transportation",.
"4.45.02 Cultural programmes and actions, assistance","4.45.02","4.45 Common cultural area, cultural diversity","2311 Protection and promotion of European culture","23 Culture and media",.
"4.45.08 Cultural and artistic activities, books and reading, arts","4.45.08","4.45 Common cultural area, cultural diversity","2302 Books","23 Culture and media",.
"4.70.06 Outlying and outermost regions, overseas countries and territories","4.70.06","4.70 Regional policy","1405 Rural economic development","14 Regional and urban policy and planning",.
"3.20.04 Inland waterway transport","3.20.04","3.20 Transport policy in general","1007 Maritime issues, transport and safety","10 Transportation",.
"4.40.01 European area for education, training and lifelong learning","4.40.01","4.40 Education, vocational training and youth","600 General","6 Education","506, 507 Education"
"4.15.05 Industrial restructuring, job losses, redundancies, relocations, Globalisation Adjustment Fund (EGF)","4.15.05","4.15 Employment policy, action to combat unemployment","599 Other","5 Labour and employment","504-505, 701-702 Employment and social policy"
"4.15.12 Workers protection and rights, labour law","4.15.12","4.15 Employment policy, action to combat unemployment","505 Working conditions","5 Labour and employment","504-505, 701-702 Employment and social policy"
"3.40.12 Luxury products industry, cosmetics","3.40.12","3.40 Industrial policy","1599 Other","15 Banking, finance and internal trade",.
"3.15.15.03 Fisheries agreements with Indian Ocean countries","3.15.15.03","3.15 Fisheries policy","1902 International resources exploitation and resources agreement","19 International affairs and foreign aid",.
"6.30.01 Generalised scheme of tariff preferences (GSP), rules of origin","6.30.01","6.30 Development cooperation","1807 Tariff and import restrictions, import regulation","18 Foreign trade",.
"3.15.15.08 Fisheries agreements with Northern and Baltic countries","3.15.15.08","3.15 Fisheries policy","1902 International resources exploitation and resources agreement","19 International affairs and foreign aid",.
"3.15.02 Aquaculture","3.15.02","3.15 Fisheries policy","408 Fisheries and fishing","4 Agriculture and fisheries","703 Agriculture and fisheries"
"6.20.03 Bilateral economic and trade agreements and relations","6.20.03","6.20 Common commercial policy in general","1802 Trade negotiations, disputes and agreements","18 Foreign trade",.
"6.40.07 Relations with African countries","6.40.07","6.40 Relations with third countries","1999 Other","19 International affairs and foreign aid",.
"4.20.04 Pharmaceutical products and industry","4.20.04","4.20 Public health","321 Regulation of drug industry, medical devices and clinical labs","3 Health","401-403, 412 Business regulation and incentives"
"6.40.04.06 Relations with central Asian countries","6.40.04.06","6.40 Relations with third countries","1999 Other","19 International affairs and foreign aid",.
"3.10.14.04 Set-aside and conversion of land","3.10.14.04","3.10 Agricultural policy and economies","402 Agricultural subsidies","4 Agriculture and fisheries","703 Agriculture and fisheries"
"2.60 Competition","2.60","2.60 Competition","1540 Competition policy","15 Banking, finance and internal trade",.
"6.40.11 Relations with industrialised countries","6.40.11","6.40 Relations with third countries","1999 Other","19 International affairs and foreign aid",.
"2.60.03 State aids and interventions","2.60.03","2.60 Competition","1541 State aid","15 Banking, finance and internal trade",.
"3.40.04 Shipbuilding, nautical industry","3.40.04","3.40 Industrial policy","1599 Other","15 Banking, finance and internal trade",.
"2.50.04.02 Electronic money and payments, cross-border credit transfers","2.50.04.02","2.50 Free movement of capital","1501 Banking system and financial institution regulation","15 Banking, finance and internal trade",.
"5.10.01 Convergence of economic policies, public deficit, interest rates","5.10.01","5.10 Economic union","101 Inflation, prices and interest rates","1 Macroeconomics",.
"3.70.11 Natural disasters, Solidarity Fund","3.70.11","3.70 Environmental policy","799 Other","7 Environment","416, 501 Environmental protection"
"3.10.12 Agrimonetary policy, compensatory amounts","3.10.12","3.10 Agricultural policy and economies","402 Agricultural subsidies","4 Agriculture and fisheries","703 Agriculture and fisheries"
"6.40.03 Relations with South-East Europe and the Balkans","6.40.03","6.40 Relations with third countries","1999 Other","19 International affairs and foreign aid",.
"3.40.06 Electronics, electrotechnical industries, ICT, robotics","3.40.06","3.40 Industrial policy","1599 Other","15 Banking, finance and internal trade",.
"3.60.08 Energy efficiency","3.60.08","3.60 Energy policy","807 Energy conservation","8 Energy",.
"6.30.04 Loans to third-countries, Guarantee Fund","6.30.04","6.30 Development cooperation","1901 Foreign aid","19 International affairs and foreign aid",.
"3.10.09.02 Plant health legislation","3.10.09.02","3.10 Agricultural policy and economies","499 Other","4 Agriculture and fisheries","703 Agriculture and fisheries"
"3.50.16 Industrial property, European patent, Community patent, design and pattern","3.50.16","3.50 Research and technological development and space","1522 Intellectual property rights and patents","15 Banking, finance and internal trade",.
"6.40.02 Relations with central and eastern Europe","6.40.02","6.40 Relations with third countries","1999 Other","19 International affairs and foreign aid",.
"2.40.01 Right of establishment","2.40.01","2.40 Free movement of services, freedom to provide","1599 Other","15 Banking, finance and internal trade",.
"4.20.07 Medical and para-medical professions","4.20.07","4.20 Public health","325 Health manpower and training","3 Health","401-403, 412 Business regulation and incentives"
"4.40.07 Recognition of diplomas, equivalence of studies and training","4.40.07","4.40 Education, vocational training and youth","699 Other","6 Education","506, 507 Education"
"3.20.01 Air transport and air freight","3.20.01","3.20 Transport policy in general","1003 Airports, airlines, air traffic control and safety","10 Transportation",.
"3.10.04.02 Animal protection","3.10.04.02","3.10 Agricultural policy and economies","709 Forest, species and biodiversity protection","7 Environment","416, 501 Environmental protection"
"8.40.04 Court of Justice, Court of First Instance","8.40.04","8.40 Institutions of the Union","2032 Institutions and institutional relationships","20 EU governance and government operations",.
"3.50.02 Framework programme and research programmes","3.50.02","3.50 Research and technological development and space","1700 General","17 Space, science, technology and communication",.
"6.40.01 Relations with EEA/EFTA countries","6.40.01","6.40 Relations with third countries","1999 Other","19 International affairs and foreign aid",.
"3.45.01 Company law","3.45.01","3.45 Enterprise policy, inter-company cooperation","1542 Corporate governance","15 Banking, finance and internal trade",.
"3.70.05 Marine and coastal pollution, pollution from ships, oil pollution","3.70.05","3.70 Environmental policy","799 Other","7 Environment","416, 501 Environmental protection"
"5.10.02 Price policy, price stabilisation","5.10.02","5.10 Economic union","110 Price control and stabilization","1 Macroeconomics","404, 408-410, 414-415 Macroeconomics"
"3.20.05 Road transport: passengers and freight","3.20.05","3.20 Transport policy in general","1002 Road and highway construction, transportation, maintenance and safety","10 Transportation",.
"3.30.03.04 Telecommunication networks","3.30.03.04","3.30 Information and communications in general","1706 Telephone and telecommunication regulation","17 Space, science, technology and communication",.
"3.30.01.02 Programmes and actions in audiovisual sector","3.30.01.02","3.30 Information and communications in general","1707 Newspaper, publishing, and broadcast industry regulation","17 Space, science, technology and communication",.
"3.70.12 Waste management, domestic waste, packaging, light industrial waste","3.70.12","3.70 Environmental policy","703 Waste disposal","7 Environment","416, 501 Environmental protection"
"3.10.06 Crop products in general, floriculture","3.10.06","3.10 Agricultural policy and economies","499 Other","4 Agriculture and fisheries","703 Agriculture and fisheries"
"3.10.01.06 Less-favoured agricultural areas","3.10.01.06","3.10 Agricultural policy and economies","402 Agricultural subsidies","4 Agriculture and fisheries","703 Agriculture and fisheries"
"4.10.07 The elderly","4.10.07","4.10 Social policy, social charter and protocol","1303 Elderly issues, elderly assistance programmes and state pensions","13 Social policy",.
"3.10.06.06 Oleaginous plants","3.10.06.06","3.10 Agricultural policy and economies","499 Other","4 Agriculture and fisheries","703 Agriculture and fisheries"
"3.15.04 Management of fisheries, fisheries, fishing grounds","3.15.04","3.15 Fisheries policy","408 Fisheries and fishing","4 Agriculture and fisheries","703 Agriculture and fisheries"
"3.30.01 Audiovisual industry and services","3.30.01","3.30 Information and communications in general","1707 Newspaper, publishing, and broadcast industry regulation","17 Space, science, technology and communication",.
"3.30.02 Television, cable, digital, mobile","3.30.02","3.30 Information and communications in general","1707 Newspaper, publishing, and broadcast industry regulation","17 Space, science, technology and communication",.
"3.30.04 Radiocommunications, broadcasting","3.30.04","3.30 Information and communications in general","1707 Newspaper, publishing, and broadcast industry regulation","17 Space, science, technology and communication",.
"3.45.20 Business statistics","3.45.20","3.45 Enterprise policy, inter-company cooperation","1599 Other","15 Banking, finance and internal trade",.
"4.45.06 Heritage and culture protection, movement of works of art","4.45.06","4.45 Common cultural area, cultural diversity","2310 Museums, heritage, historical monuments and archives","23 Culture and media",.
"3.40.14 Industrial competitiveness","3.40.14","3.40 Industrial policy","1599 Other","15 Banking, finance and internal trade",.
"3.60.03 Gas, electricity, natural gas, biogas","3.60.03","3.60 Energy policy","803 Natural gas and oil","8 Energy",.
"4.60.04.04 Food safety","4.60.04.04","4.60 Consumers' protection in general","1525 Consumer protection","15 Banking, finance and internal trade",.
"7.30.02 Customs cooperation","7.30.02","7.30 Police, judicial and customs cooperation in general","1299 Other","12 Law and crime",.
"4.40.20 Cooperation and agreements in the fields of education, training and youth","4.40.20","4.40 Education, vocational training and youth","699 Other","6 Education","506, 507 Education"
"3.15.15 Fisheries agreements and cooperation","3.15.15","3.15 Fisheries policy","408 Fisheries and fishing","4 Agriculture and fisheries","703 Agriculture and fisheries"
"4.30 Civil protection","4.30","4.30 Civil protection","2018 Domestic disaster relief and civil protection","20 EU governance and government operations",.
"3.50.15 Intellectual property, copyright","3.50.15","3.50 Research and technological development and space","1522 Intellectual property rights and patents","15 Banking, finance and internal trade",.
"2.40 Free movement of services, freedom to provide","2.40","2.40 Free movement of services, freedom to provide","1599 Other","15 Banking, finance and internal trade",.
"6.50 Emergency, food, humanitarian aid, aid to refugees, Emergency Aid Reserve","6.50","6.50 Emergency, food, humanitarian aid, aid to refugees, Emergency Aid Reserve","1901 Foreign aid","19 International affairs and foreign aid",.
"6.20 Common commercial policy in general","6.20","6.20 Common commercial policy in general","1800 General","18 Foreign trade",.
"4.10.04 Gender equality","4.10.04","4.10 Social policy, social charter and protocol","202 Gender and sexual orientation discrimination","2 Civil rights, minority issues and civil liberties","201 Citizen's and human rights"
"3.60.15 Cooperation and agreements for energy","3.60.15","3.60 Energy policy","800 General","8 Energy",.
"6.40.05 Relations with the Mediterranean and southern European countries","6.40.05","6.40 Relations with third countries","1999 Other","19 International affairs and foreign aid",.
"4.15.02 Employment: guidelines, actions, Funds","4.15.02","4.15 Employment policy, action to combat unemployment","505 Working conditions","5 Labour and employment","504-505, 701-702 Employment and social policy"
"3.30.25.02 Information programmes and action plans","3.30.25.02","3.30 Information and communications in general","1799 Other","17 Space, science, technology and communication",.
"6.30 Development cooperation","6.30","6.30 Development cooperation","1905 Developing countries issues","19 International affairs and foreign aid",.
"3.70.18 International and regional environment protection measures and agreements","3.70.18","3.70 Environmental policy","799 Other","7 Environment","416, 501 Environmental protection"
"3.70.20 Sustainable development","3.70.20","3.70 Environmental policy","700 General","7 Environment","416, 501 Environmental protection"
"3.20.15.06 Maritime or inland transport agreements and cooperation","3.20.15.06","3.20 Transport policy in general","1007 Maritime issues, transport and safety","10 Transportation",.
"6.40.12 Relations with developing countries in general","6.40.12","6.40 Relations with third countries","1999 Other","19 International affairs and foreign aid",.
"7.30.30.04 Action to combat drugs and drug-trafficking","7.30.30.04","7.30 Police, judicial and customs cooperation in general","1203 Illegal drug production, trafficking and control","12 Law and crime",.
"6.40.14 Relations with non-governmental organisations, NGOs","6.40.14","6.40 Relations with third countries","1999 Other","19 International affairs and foreign aid",.
"6.20.04 Union Customs Code, tariffs, preferential arrangements, rules of origin","6.20.04","6.20 Common commercial policy in general","1807 Tariff and import restrictions, import regulation","18 Foreign trade",.
"2.50.03 Securities and financial markets, stock exchange, CIUTS, investments","2.50.03","2.50 Free movement of capital","1501 Banking system and financial institution regulation","15 Banking, finance and internal trade",.
"3.15.15.04 Fisheries agreements with Maghreb and Mediterranean countries","3.15.15.04","3.15 Fisheries policy","1902 International resources exploitation and resources agreement","19 International affairs and foreign aid",.
"4.10.05 Social inclusion, poverty, minimum income","4.10.05","4.10 Social policy, social charter and protocol","1302 Poverty and assistance to low-income families","13 Social policy",.
"7.10 Free movement and integration of third-country nationals","7.10","7.10 Free movement and integration of third-country nationals","941 Integration of immigrants","9 Immigration","601-602 Migration and border control"
"2.20.01 Freedom of movement, right of residence, identity checks","2.20.01","2.20 Free movement of persons","299 Other","2 Civil rights, minority issues and civil liberties","201 Citizen's and human rights"
"2.30 Free movement of workers","2.30","2.30 Free movement of workers","1599 Other","15 Banking, finance and internal trade",.
"3.20.07 Combined transport, multimodal transport","3.20.07","3.20 Transport policy in general","1099 Other","10 Transportation",.
"4.10.04.01 Programmes and actions for gender equality","4.10.04.01","4.10 Social policy, social charter and protocol","599 Other","5 Labour and employment","504-505, 701-702 Employment and social policy"
"2.40.02 Public services, of general interest, universal service","2.40.02","2.40 Free movement of services, freedom to provide","1599 Other","15 Banking, finance and internal trade",.
"6.40.05.08 Relations with Turkey","6.40.05.08","6.40 Relations with third countries","1999 Other","19 International affairs and foreign aid",.
"3.30.09 Postal services, parcel delivery services","3.30.09","3.30 Information and communications in general","1099 Other","10 Transportation",.
"2.50.05 Insurance, pension funds","2.50.05","2.50 Free movement of capital","1505 Insurance regulation","15 Banking, finance and internal trade",.
"3.15.08 Fishing enterprises, fishermen, working conditions on board","3.15.08","3.15 Fisheries policy","408 Fisheries and fishing","4 Agriculture and fisheries","703 Agriculture and fisheries"
"6.40.10 Relations with Latin America, Central America, Caribbean islands","6.40.10","6.40 Relations with third countries","1999 Other","19 International affairs and foreign aid",.
"3.10.05.03 Eggs and poultry","3.10.05.03","3.10 Agricultural policy and economies","499 Other","4 Agriculture and fisheries","703 Agriculture and fisheries"
"6.40.05.06 Relations with the countries of the Middle East","6.40.05.06","6.40 Relations with third countries","1999 Other","19 International affairs and foreign aid",.
"3.10.09.06 Agro-genetics, GMOs","3.10.09.06","3.10 Agricultural policy and economies","498 R&D","4 Agriculture and fisheries","703 Agriculture and fisheries"
"2.60.04 Economic concentration, mergers, takeover bids, holding companies","2.60.04","2.60 Competition","1540 Competition policy","15 Banking, finance and internal trade",.
"4.60.06 Consumers' economic and legal interests","4.60.06","4.60 Consumers' protection in general","1525 Consumer protection","15 Banking, finance and internal trade",.
"7.30.08 Action to combat racism and xenophobia","7.30.08","7.30 Police, judicial and customs cooperation in general","1299 Other","12 Law and crime",.
"3.20.01.01 Air safety","3.20.01.01","3.20 Transport policy in general","1003 Airports, airlines, air traffic control and safety","10 Transportation",.
"7.10.08 Migration policy","7.10.08","7.10 Free movement and integration of third-country nationals","900 Immigration","9 Immigration","601-602 Migration and border control"
"6.20.05 Multilateral and plurilateral economic and trade agreements and relations","6.20.05","6.20 Common commercial policy in general","1802 Trade negotiations, disputes and agreements","18 Foreign trade",.
"6.40.13 Relations with/in the context of international organisations: UN, OSCE, OECD, Council of Europe, EBRD","6.40.13","6.40 Relations with third countries","1999 Other","19 International affairs and foreign aid",.
"6.40.05.01 Relations with Southern European countries","6.40.05.01","6.40 Relations with third countries","1999 Other","19 International affairs and foreign aid",.
"6.10.08 Fundamental freedoms, human rights, democracy in general","6.10.08","6.10 Common foreign and security policy (CFSP)","1925 Human rights","19 International affairs and foreign aid",.
"4.45.10 Literary and artistic property","4.45.10","4.45 Common cultural area, cultural diversity","2300 General","23 Culture and media",.
"3.45.02 Small and medium-sized enterprises (SME), craft industries","3.45.02","3.45 Enterprise policy, inter-company cooperation","1521 Small businesses","15 Banking, finance and internal trade",.
"6.40.04.04 Relations with Caucasus countries","6.40.04.04","6.40 Relations with third countries","1999 Other","19 International affairs and foreign aid",.
"4.15.08 Work, employment, wages and salaries: equal opportunities women and men, and for all","4.15.08","4.15 Employment policy, action to combat unemployment","503 Employee benefits","5 Labour and employment","504-505, 701-702 Employment and social policy"
"3.10.06.10 Tropical plants","3.10.06.10","3.10 Agricultural policy and economies","499 Other","4 Agriculture and fisheries","703 Agriculture and fisheries"
"4.50 Tourism","4.50","4.50 Tourism","1524 Tourism","15 Banking, finance and internal trade",.
"7.40 Judicial cooperation","7.40","7.40 Judicial cooperation","1204 Court administration","12 Law and crime",.
"2.80 Cooperation between administrations","2.80","2.80 Cooperation between administrations","2002 Government efficency and bureaucratic oversight","20 EU governance and government operations",.
"3.10.11 Forestry policy","3.10.11","3.10 Agricultural policy and economies","709 Forest, species and biodiversity protection","7 Environment","416, 501 Environmental protection"
"8.70.40 Basic budgetary texts","8.70.40","8.70 Budget of the Union","105 Budget and debt","1 Macroeconomics","404, 408-410, 414-415 Macroeconomics"
"3.30.25 International information networks and society, internet","3.30.25","3.30 Information and communications in general","1799 Other","17 Space, science, technology and communication",.
"3.10.04 Livestock farming","3.10.04","3.10 Agricultural policy and economies","499 Other","4 Agriculture and fisheries","703 Agriculture and fisheries"
"3.20.10 Transport undertakings, transport industry employees","3.20.10","3.20 Transport policy in general","1099 Other","10 Transportation",.
"3.20.15 Transport agreements and cooperation","3.20.15","3.20 Transport policy in general","1099 Other","10 Transportation",.
"8.50 EU law","8.50","8.50 EU law","2099 Other","20 EU governance and government operations",.
"3.40.01 Chemical industry, fertilizers, plastics","3.40.01","3.40 Industrial policy","1599 Other","15 Banking, finance and internal trade",.
"3.40.08 Mechanical engineering, machine-tool industry","3.40.08","3.40 Industrial policy","1599 Other","15 Banking, finance and internal trade",.
"6.30.03 European Development Fund (EDF)","6.30.03","6.30 Development cooperation","1905 Developing countries issues","19 International affairs and foreign aid",.
"3.70.17 European ecolabel and ecolabelling, ecodesign","3.70.17","3.70 Environmental policy","707 Recycling","7 Environment","416, 501 Environmental protection"
"4.40.10 Youth","4.40.10","4.40 Education, vocational training and youth","699 Other","6 Education","506, 507 Education"
"7.30.30.06 Action to combat economic fraud and corruption","7.30.30.06","7.30 Police, judicial and customs cooperation in general","1213 White collar crime","12 Law and crime",.
"7.40.04 Judicial cooperation in criminal matters","7.40.04","7.40 Judicial cooperation","1204 Court administration","12 Law and crime",.
"8.70.01 Financing of the budget, own resources","8.70.01","8.70 Budget of the Union","105 Budget and debt","1 Macroeconomics","404, 408-410, 414-415 Macroeconomics"
"7.10.06 Asylum, refugees, displaced persons, Asylum, Migration and Integration Fund (AMIF)","7.10.06","7.10 Free movement and integration of third-country nationals","931 Refugees and asylum seekers","9 Immigration",.
"3.70.09 Transfrontier pollution","3.70.09","3.70 Environmental policy","799 Other","7 Environment","416, 501 Environmental protection"
"3.20.15.02 Air transport agreements and cooperation","3.20.15.02","3.20 Transport policy in general","1003 Airports, airlines, air traffic control and safety","10 Transportation",.
"4.20.02.06 Clinical practice and experiments","4.20.02.06","4.20 Public health","399 Other","3 Health",.
"3.30.05 Electronic and mobile communications, personal communications","3.30.05","3.30 Information and communications in general","1706 Telephone and telecommunication regulation","17 Space, science, technology and communication",.
"4.15 Employment policy, action to combat unemployment","4.15","4.15 Employment policy, action to combat unemployment","500 General","5 Labour and employment","504-505, 701-702 Employment and social policy"
"3.70.08 Radioactive pollution","3.70.08","3.70 Environmental policy","712 Environmental technological risks","7 Environment","416, 501 Environmental protection"
"4.10.02 Family policy, family law, parental leave","4.10.02","4.10 Social policy, social charter and protocol","1308 Parental leave and child care","13 Social policy",.
"4.10.11 Retirement, pensions","4.10.11","4.10 Social policy, social charter and protocol","1303 Elderly issues, elderly assistance programmes and state pensions","13 Social policy",.
"4.15.04 Workforce, occupational mobility, job conversion, working conditions","4.15.04","4.15 Employment policy, action to combat unemployment","505 Working conditions","5 Labour and employment","504-505, 701-702 Employment and social policy"
"6.40.05.04 Relations with the countries of the Mashreq","6.40.05.04","6.40 Relations with third countries","1999 Other","19 International affairs and foreign aid",.
"4.20.04.02 Safety of blood and transfusion","4.20.04.02","4.20 Public health","399 Other","3 Health",.
"4.40.06 Teachers, trainers, pupils, students","4.40.06","4.40 Education, vocational training and youth","699 Other","6 Education","506, 507 Education"
"3.30.16 Ethical information policy","3.30.16","3.30 Information and communications in general","1799 Other","17 Space, science, technology and communication",.
"4.10.03 Child protection, children's rights","4.10.03","4.10 Social policy, social charter and protocol","506 Youth employment and child labour","5 Labour and employment","504-505, 701-702 Employment and social policy"
"2.10 Free movement of goods","2.10","2.10 Free movement of goods","1599 Other","15 Banking, finance and internal trade",.
"2.60.01 Trade restrictions, concerted practices, dominant positions","2.60.01","2.60 Competition","1540 Competition policy","15 Banking, finance and internal trade",.
"4.15.06 Professional qualifications, recognition of qualifications","4.15.06","4.15 Employment policy, action to combat unemployment","1521 Small businesses","15 Banking, finance and internal trade",.
"3.70.07 Noise pollution","3.70.07","3.70 Environmental policy","730 Air and noise pollution","7 Environment","416, 501 Environmental protection"
"8.20.04 Pre-accession and partnership","8.20.04","8.20 Enlargement of the Union","1901 Foreign aid","19 International affairs and foreign aid",.
"3.60.01 Solid fuels, coal mining, mining industry","3.60.01","3.60 Energy policy","805 Coal","8 Energy",.
"7.40.02 Judicial cooperation in civil and commercial matters","7.40.02","7.40 Judicial cooperation","1204 Court administration","12 Law and crime",.
"7.90 Justice and home affairs","7.90","7.90 Justice and home affairs","1200 General","12 Law and crime",.
"7.30.30 Action to combat crime","7.30.30","7.30 Police, judicial and customs cooperation in general","1211 Riots and crime prevention","12 Law and crime",.
"6.20.02 Export/import control, trade defence, trade barriers","6.20.02","6.20 Common commercial policy in general","1807 Tariff and import restrictions, import regulation","18 Foreign trade",.
"7.30.30.10 Action against counterfeiting","7.30.30.10","7.30 Police, judicial and customs cooperation in general","1299 Other","12 Law and crime",.
"8.20.12 Enlargement's agricultural point of view","8.20.12","8.20 Enlargement of the Union","2099 Other","20 EU governance and government operations",.
"4.60 Consumers' protection in general","4.60","4.60 Consumers' protection in general","1525 Consumer protection","15 Banking, finance and internal trade",.
"5.20.03 European Central Bank (ECB), ESCB","5.20.03","5.20 Monetary union","104 Monetary supply, European Monetary System (EMS), ECB, EIB, and the Treasury","1 Macroeconomics","404, 408-410, 414-415 Macroeconomics"
"4.15.03 Arrangement of working time, work schedules","4.15.03","4.15 Employment policy, action to combat unemployment","505 Working conditions","5 Labour and employment","504-505, 701-702 Employment and social policy"
"3.40.05 Aeronautical industry, aerospace industry","3.40.05","3.40 Industrial policy","1599 Other","15 Banking, finance and internal trade",.
"3.70.06 Soil pollution, deterioration","3.70.06","3.70 Environmental policy","799 Other","7 Environment","416, 501 Environmental protection"
"8.20.18 Enlargement's environment point of view","8.20.18","8.20 Enlargement of the Union","2099 Other","20 EU governance and government operations",.
"8.20.08 Enlargement's economic and monetary point of view","8.20.08","8.20 Enlargement of the Union","2099 Other","20 EU governance and government operations",.
"3.45.04 Company taxation","3.45.04","3.45 Enterprise policy, inter-company cooperation","107 Taxation, tax policy and tax reform","1 Macroeconomics","404, 408-410, 414-415 Macroeconomics"
"4.70.01 Structural funds, investment funds in general, programmes","4.70.01","4.70 Regional policy","1420 Cohesion policy and structural funds","14 Regional and urban policy and planning",.
"8.20.28 Structural funds and instruments","8.20.28","8.20 Enlargement of the Union","1420 Cohesion policy and structural funds","14 Regional and urban policy and planning",.
"8.20.16 Enlargement's transport point of view","8.20.16","8.20 Enlargement of the Union","2099 Other","20 EU governance and government operations",.
"3.45.05 Business policy, e-commerce, after-sales service, commercial distribution","3.45.05","3.45 Enterprise policy, inter-company cooperation","1500 General","15 Banking, finance and internal trade",.
"3.10.01.02 Rural development, European Agricultural Fund for Rural Development (EAFRD)","3.10.01.02","3.10 Agricultural policy and economies","1405 Rural economic development","14 Regional and urban policy and planning",.
"4.70.02 Cohesion policy, Cohesion Fund (CF)","4.70.02","4.70 Regional policy","1420 Cohesion policy and structural funds","14 Regional and urban policy and planning",.
"4.70.07 European Regional Development Fund (ERDF)","4.70.07","4.70 Regional policy","1420 Cohesion policy and structural funds","14 Regional and urban policy and planning",.
"8.20.26 Enlargement's regional point of view","8.20.26","8.20 Enlargement of the Union","2099 Other","20 EU governance and government operations",.
"4.10.15 European Social Fund (ESF), Fund for European Aid to the Most Deprived (FEAD)","4.10.15","4.10 Social policy, social charter and protocol","1399 Other","13 Social policy",.
"8.20.20 Enlargement's employment and social point of view","8.20.20","8.20 Enlargement of the Union","2099 Other","20 EU governance and government operations",.
"8.20.13 Enlargement's fisheries point of view","8.20.13","8.20 Enlargement of the Union","2099 Other","20 EU governance and government operations",.
"8.20.17 Industry, research, energy and enlargement","8.20.17","8.20 Enlargement of the Union","2099 Other","20 EU governance and government operations",.
"3.60.10 Security of energy supply","3.60.10","3.60 Energy policy","899 Other","8 Energy",.
"8.20.24 Tourism, culture and enlargement","8.20.24","8.20 Enlargement of the Union","2099 Other","20 EU governance and government operations",.
"4.10 Social policy, social charter and protocol","4.10","4.10 Social policy, social charter and protocol","1300 General","13 Social policy",.
"5.05 Economic growth","5.05","5.05 Economic growth","100 General","1 Macroeconomics","404, 408-410, 414-415 Macroeconomics"
"3.50.04 Innovation","3.50.04","3.50 Research and technological development and space","1798 R&D","17 Space, science, technology and communication",.
"4.10.09 Women condition and rights","4.10.09","4.10 Social policy, social charter and protocol","1399 Other","13 Social policy",.
"2.50.02 Savings","2.50.02","2.50 Free movement of capital","1504 Consumer finance, mortgages and credit cards","15 Banking, finance and internal trade",.
"8.40.10 Interinstitutional relations, subsidiarity, proportionality, comitology","8.40.10","8.40 Institutions of the Union","2032 Institutions and institutional relationships","20 EU governance and government operations",.
"8.50.01 Implementation of EU law","8.50.01","8.50 EU law","2040 Relations EU-member states governments","20 EU governance and government operations",.
"2.50.08 Financial services, financial reporting and auditing","2.50.08","2.50 Free movement of capital","1502 Financial market regulation","15 Banking, finance and internal trade",.
"2.50.10 Financial supervision","2.50.10","2.50 Free movement of capital","1502 Financial market regulation","15 Banking, finance and internal trade",.
"3.30.30 Information and audiovisual statistics","3.30.30","3.30 Information and communications in general","1799 Other","17 Space, science, technology and communication",.
"3.15.16 Financial Instrument for Fisheries Guidance (FIFG), European Fisheries Fund (EFF)","3.15.16","3.15 Fisheries policy","408 Fisheries and fishing","4 Agriculture and fisheries","703 Agriculture and fisheries"
"3.20.15.04 Road transport agreements and cooperation","3.20.15.04","3.20 Transport policy in general","1002 Road and highway construction, transportation, maintenance and safety","10 Transportation",.
"7.30.30.08 Capital outflow, money laundering","7.30.30.08","7.30 Police, judicial and customs cooperation in general","1213 White collar crime","12 Law and crime",.
"7.30.30.02 Action to combat violence, trafficking in human beings and migrant smuggling","7.30.30.02","7.30 Police, judicial and customs cooperation in general","1230 Prostitution and human trafficking","12 Law and crime",.
"2.20 Free movement of persons","2.20","2.20 Free movement of persons","299 Other","2 Civil rights, minority issues and civil liberties","201 Citizen's and human rights"
"1.20.09 Protection of privacy and data protection","1.20.09","1.20 Citizen's rights","208 Right to privacy and access to government information","2 Civil rights, minority issues and civil liberties","201 Citizen's and human rights"
"8.40 Institutions of the Union","8.40","8.40 Institutions of the Union","2032 Institutions and institutional relationships","20 EU governance and government operations",.
"4.70.04 Urban policy, cities, town and country planning","4.70.04","4.70 Regional policy","1403 Urban economic development and general urban issues","14 Regional and urban policy and planning",.
"4.60.04.02 Consumer security","4.60.04.02","4.60 Consumers' protection in general","1525 Consumer protection","15 Banking, finance and internal trade",.
"4.10.08 Equal treatment of persons, non-discrimination","4.10.08","4.10 Social policy, social charter and protocol","299 Other","2 Civil rights, minority issues and civil liberties","201 Citizen's and human rights"
"7.30.05 Police cooperation","7.30.05","7.30 Police, judicial and customs cooperation in general","1299 Other","12 Law and crime",.
"7.30.05.01 Europol, CEPOL","7.30.05.01","7.30 Police, judicial and customs cooperation in general","1201 Government deparments and agencies dealing with law and crime","12 Law and crime",.
"8.40.05 Court of Auditors","8.40.05","8.40 Institutions of the Union","2032 Institutions and institutional relationships","20 EU governance and government operations",.
"7.10.02 Schengen area, Schengen acquis","7.10.02","7.10 Free movement and integration of third-country nationals","900 Immigration","9 Immigration","601-602 Migration and border control"
"8.10 Revision of the Treaties, intergovernmental conferences","8.10","8.10 Revision of the Treaties, intergovernmental conferences","2033 EU treaties and treaty reform","20 EU governance and government operations",.
"3.70.16 Law and environment, liability","3.70.16","3.70 Environmental policy","799 Other","7 Environment","416, 501 Environmental protection"
"1.20.05 Public access to information and documents, administrative practice","1.20.05","1.20 Citizen's rights","208 Right to privacy and access to government information","2 Civil rights, minority issues and civil liberties","201 Citizen's and human rights"
"3.45.03 Financial management of undertakings, business loans, accounting","3.45.03","3.45 Enterprise policy, inter-company cooperation","1502 Financial market regulation","15 Banking, finance and internal trade",.
"6.10.03 Armaments control, non-proliferation nuclear weapons","6.10.03","6.10 Common foreign and security policy (CFSP)","1605 Arms control and nuclear non-proliferation","16 Defense",.
"6.10 Common foreign and security policy (CFSP)","6.10","6.10 Common foreign and security policy (CFSP)","1900 General","19 International affairs and foreign aid",.
"3.45 Enterprise policy, inter-company cooperation","3.45","3.45 Enterprise policy, inter-company cooperation","1500 General","15 Banking, finance and internal trade",.
"3.50.01.05 Research specific areas","3.50.01.05","3.50 Research and technological development and space","1798 R&D","17 Space, science, technology and communication",.
"8.20.01 Candidate countries","8.20.01","8.20 Enlargement of the Union","1980 EU enlargment","19 International affairs and foreign aid",.
"4.70 Regional policy","4.70","4.70 Regional policy","1405 Rural economic development","14 Regional and urban policy and planning",.
"3.40.11 Precision engineering, optics, photography, medical","3.40.11","3.40 Industrial policy","1599 Other","15 Banking, finance and internal trade",.
"1.20.02 Social and economic rights","1.20.02","1.20 Citizen's rights","299 Other","2 Civil rights, minority issues and civil liberties","201 Citizen's and human rights"
"3.45.08 Business environment, reduction of the administrative burdens","3.45.08","3.45 Enterprise policy, inter-company cooperation","1599 Other","15 Banking, finance and internal trade",.
"8.40.03 European Commission","8.40.03","8.40 Institutions of the Union","2032 Institutions and institutional relationships","20 EU governance and government operations",.
"3.50.02.03 Framework programme and research programme for Coal and Steel","3.50.02.03","3.50 Research and technological development and space","805 Coal","8 Energy",.
"8.30 Treaties in general","8.30","8.30 Treaties in general","2033 EU treaties and treaty reform","20 EU governance and government operations",.
"8.70 Budget of the Union","8.70","8.70 Budget of the Union","105 Budget and debt","1 Macroeconomics","404, 408-410, 414-415 Macroeconomics"
"8.40.01.02 President, members, mandates, political groups","8.40.01.02","8.40 Institutions of the Union","2032 Institutions and institutional relationships","20 EU governance and government operations",.
"2.50 Free movement of capital","2.50","2.50 Free movement of capital","1501 Banking system and financial institution regulation","15 Banking, finance and internal trade",.
"3.20.02.01 Railway safety","3.20.02.01","3.20 Transport policy in general","1005 Railroad transportation and safety","10 Transportation",.
"3.50.01 European research area and policy","3.50.01","3.50 Research and technological development and space","1701 Space agencies","17 Space, science, technology and communication",.
"3.40.07 Building industry","3.40.07","3.40 Industrial policy","1599 Other","15 Banking, finance and internal trade",.
"8.70.03 Budgetary control and discharge, implementation of the budget","8.70.03","8.70 Budget of the Union","105 Budget and debt","1 Macroeconomics","404, 408-410, 414-415 Macroeconomics"
"2.70.01 Direct taxation","2.70.01","2.70 Taxation","107 Taxation, tax policy and tax reform","1 Macroeconomics","404, 408-410, 414-415 Macroeconomics"
"3.40.13 Food industry","3.40.13","3.40 Industrial policy","1599 Other","15 Banking, finance and internal trade",.
"3.50 Research and technological development and space","3.50","3.50 Research and technological development and space","1700 General","17 Space, science, technology and communication",.
"7.30.20 Action to combat terrorism","7.30.20","7.30 Police, judicial and customs cooperation in general","1227 Domestic security concerns related to terrorism","12 Law and crime",.
"4.10.13 Sport","4.10.13","4.10 Social policy, social charter and protocol","1526 Sports and gambling regulation","15 Banking, finance and internal trade",.
"7.30 Police, judicial and customs cooperation in general","7.30","7.30 Police, judicial and customs cooperation in general","1200 General","12 Law and crime",.
"4.10.25 Social problems: delinquency, violence, crime","4.10.25","4.10 Social policy, social charter and protocol","1299 Other","12 Law and crime",.
"7.30.09 Public security","7.30.09","7.30 Police, judicial and customs cooperation in general","1227 Domestic security concerns related to terrorism","12 Law and crime",.
"8.40.02 Council of the Union","8.40.02","8.40 Institutions of the Union","2032 Institutions and institutional relationships","20 EU governance and government operations",.
"8.40.01 European Parliament","8.40.01","8.40 Institutions of the Union","2032 Institutions and institutional relationships","20 EU governance and government operations",.
"3.30 Information and communications in general","3.30","3.30 Information and communications in general","1700 General","17 Space, science, technology and communication",.
"4.15.14 Social dialogue, social partners","4.15.14","4.15 Employment policy, action to combat unemployment","599 Other","5 Labour and employment","504-505, 701-702 Employment and social policy"
"8.20.02 Enlargement 2004: new Member States","8.20.02","8.20 Enlargement of the Union","1980 EU enlargment","19 International affairs and foreign aid",.
"3.40.02 Iron and steel industry, metallurgical industry","3.40.02","3.40 Industrial policy","1599 Other","15 Banking, finance and internal trade",.
"3.15.15.06 Fisheries agreements with Pacific countries","3.15.15.06","3.15 Fisheries policy","1902 International resources exploitation and resources agreement","19 International affairs and foreign aid",.
"8.40.01.01 Elections, direct universal suffrage","8.40.01.01","8.40 Institutions of the Union","2012 Regulation of political life and governmental ethics","20 EU governance and government operations",.
"3.10.09.04 Organic farming","3.10.09.04","3.10 Agricultural policy and economies","499 Other","4 Agriculture and fisheries","703 Agriculture and fisheries"
"8.20 Enlargement of the Union","8.20","8.20 Enlargement of the Union","1980 EU enlargment","19 International affairs and foreign aid",.
"5.20.01 Coordination of monetary policies, European Monetary Institute (EMI), Economic and Monetary Union (EMU)","5.20.01","5.20 Monetary union","104 Monetary supply, European Monetary System (EMS), ECB, EIB, and the Treasury","1 Macroeconomics","404, 408-410, 414-415 Macroeconomics"
"1 European citizenship","1","1 European citizenship","200 General","2 Civil rights, minority issues and civil liberties","201 Citizen's and human rights"
"4.20.02.04 Genetics and bioethics","4.20.02.04","4.20 Public health","399 Other","3 Health",.
"8.70.60 Previous annual budgets","8.70.60","8.70 Budget of the Union","105 Budget and debt","1 Macroeconomics","404, 408-410, 414-415 Macroeconomics"
"6.20.06 Foreign direct investment (FDI)","6.20.06","6.20 Common commercial policy in general","1804 International private business investments and corporate development","18 Foreign trade",.
"6.40.15 European neighbourhood policy","6.40.15","6.40 Relations with third countries","1999 Other","19 International affairs and foreign aid",.
"2.70 Taxation","2.70","2.70 Taxation","107 Taxation, tax policy and tax reform","1 Macroeconomics","404, 408-410, 414-415 Macroeconomics"
"3.45.06 Entrepreneurship, liberal professions","3.45.06","3.45 Enterprise policy, inter-company cooperation","1500 General","15 Banking, finance and internal trade",.
"5.10 Economic union","5.10","5.10 Economic union","100 General","1 Macroeconomics","404, 408-410, 414-415 Macroeconomics"
"5.20 Monetary union","5.20","5.20 Monetary union","104 Monetary supply, European Monetary System (EMS), ECB, EIB, and the Treasury","1 Macroeconomics","404, 408-410, 414-415 Macroeconomics"
"8.20.40 Enlargement's financial point of view","8.20.40","8.20 Enlargement of the Union","2099 Other","20 EU governance and government operations",.
"1.10 Fundamental rights in the EU, Charter","1.10","1.10 Fundamental rights in the EU, Charter","200 General","2 Civil rights, minority issues and civil liberties","201 Citizen's and human rights"
"8.70.03.07 Previous discharges","8.70.03.07","8.70 Budget of the Union","105 Budget and debt","1 Macroeconomics","404, 408-410, 414-415 Macroeconomics"
"3.70.15 Environmental taxation","3.70.15","3.70 Environmental policy","799 Other","7 Environment","416, 501 Environmental protection"
"4.10.12 Housing policy","4.10.12","4.10 Social policy, social charter and protocol","1400 General","14 Regional and urban policy and planning",.
"3.50.03 European space policy","3.50.03","3.50 Research and technological development and space","1701 Space agencies","17 Space, science, technology and communication",.
"4.70.05 Regional cooperation, cross-border cooperation","4.70.05","4.70 Regional policy","1399 Other","13 Social policy",.
"6.40 Relations with third countries","6.40","6.40 Relations with third countries","1999 Other","19 International affairs and foreign aid",.
"4.70.03 Community initiatives, Community support frameworks","4.70.03","4.70 Regional policy","1401 Housing and community development","14 Regional and urban policy and planning",.
"6.10.01 Foreign and common diplomatic policy","6.10.01","6.10 Common foreign and security policy (CFSP)","1900 General","19 International affairs and foreign aid",.
"6.10.04 Third-country political situation, local and regional conflicts","6.10.04","6.10 Common foreign and security policy (CFSP)","1604 Military capabilities and coordination of armed services within the EU","16 Defense",.
"4.45 Common cultural area, cultural diversity","4.45","4.45 Common cultural area, cultural diversity","2300 General","23 Culture and media",.
"4.60.04 Consumer health","4.60.04","4.60 Consumers' protection in general","1525 Consumer protection","15 Banking, finance and internal trade",.
"7.30.12 Control of personal weapons and ammunitions","7.30.12","7.30 Police, judicial and customs cooperation in general","1299 Other","12 Law and crime",.
"5.03 Global economy and globalisation","5.03","5.03 Global economy and globalisation","199 Other","1 Macroeconomics","404, 408-410, 414-415 Macroeconomics"
"4 Economic, social and territorial cohesion","4","4 Economic, social and territorial cohesion","500 General","5 Labour and employment","504-505, 701-702 Employment and social policy"
"4.40 Education, vocational training and youth","4.40","4.40 Education, vocational training and youth","600 General","6 Education","506, 507 Education"
"8.40.07 European Investment Bank (EIB)","8.40.07","8.40 Institutions of the Union","2032 Institutions and institutional relationships","20 EU governance and government operations",.
"3.60.12 Energy statistics","3.60.12","3.60 Energy policy","800 General","8 Energy",.
"4.10.14 Demography","4.10.14","4.10 Social policy, social charter and protocol","2013 Statistics and Eurostat","20 EU governance and government operations",.
"8.50.02 Legislative simplification, coordination, codification","8.50.02","8.50 EU law","2032 Institutions and institutional relationships","20 EU governance and government operations",.
"3.40.09 Defence and arms industry","3.40.09","3.40 Industrial policy","1601 European defense industry and defence equipment markets","16 Defense",.
"6.10.02 Common security and defence policy (CSDP), WEU, NATO","6.10.02","6.10 Common foreign and security policy (CFSP)","1600 General","16 Defense",.
"8.20.03 Enlargement 2007: Bulgaria and Romania","8.20.03","8.20 Enlargement of the Union","1980 EU enlargment","19 International affairs and foreign aid",.
"7 Area of freedom, security and justice","7","7 Area of freedom, security and justice","1200 General","12 Law and crime",.
"6.40.09 Relations with Oceanian countries","6.40.09","6.40 Relations with third countries","1999 Other","19 International affairs and foreign aid",.
"4.20.06 Health services, medical institutions","4.20.06","4.20 Public health","301 Comprehensive health care reform","3 Health",.
"8.40.11 Relations with Member State governments and national parliaments","8.40.11","8.40 Institutions of the Union","2040 Relations EU-member states governments","20 EU governance and government operations",.
"1.20 Citizen's rights","1.20","1.20 Citizen's rights","200 General","2 Civil rights, minority issues and civil liberties","201 Citizen's and human rights"
"3.30.07 Cybersecurity, cyberspace policy","3.30.07","3.30 Information and communications in general","1709 Computer industry and computer security","17 Space, science, technology and communication",.
"2 Internal market, single market","2","2 Internal market, single market","1530 Creation of common-single-internal market","15 Banking, finance and internal trade",.
"3.30.08 Press, media freedom and pluralism","3.30.08","3.30 Information and communications in general","207 Freedom of speech","2 Civil rights, minority issues and civil liberties","201 Citizen's and human rights"
"3.15.17 European Maritime and Fisheries Fund (EMFF)","3.15.17","3.15 Fisheries policy","408 Fisheries and fishing","4 Agriculture and fisheries","703 Agriculture and fisheries"
"6.40.17 Relations with BRIC countries","6.40.17","6.40 Relations with third countries","1999 Other","19 International affairs and foreign aid",.
"1.20.20 Diplomatic and consular protection","1.20.20","1.20 Citizen's rights","299 Other","2 Civil rights, minority issues and civil liberties","201 Citizen's and human rights"
"1.20.03 Right of petition","1.20.03","1.20 Citizen's rights","213 Democracy and democratisation","2 Civil rights, minority issues and civil liberties","201 Citizen's and human rights"
"3.40.16 Raw materials","3.40.16","3.40 Industrial policy","1599 Other","15 Banking, finance and internal trade",.
"3.10.09 Plant health legislation, organic farming, agro-genetics in general","3.10.09","3.10 Agricultural policy and economies","499 Other","4 Agriculture and fisheries","703 Agriculture and fisheries"
"3.40.17 Manufactured goods","3.40.17","3.40 Industrial policy","1599 Other","15 Banking, finance and internal trade",.
"8.30.10 Principles common to the Member States, EU values","8.30.10","8.30 Treaties in general","2000 General","20 EU governance and government operations",.
"8.70.59 2019 budget","8.70.59","8.70 Budget of the Union","105 Budget and debt","1 Macroeconomics","404, 408-410, 414-415 Macroeconomics"
"3.20.15.08 Rail transport agreements and cooperation","3.20.15.08","3.20 Transport policy in general","1005 Railroad transportation and safety","10 Transportation",.
"8.70.50 2020 budget","8.70.50","8.70 Budget of the Union","105 Budget and debt","1 Macroeconomics","404, 408-410, 414-415 Macroeconomics"
"1.20.04 European Ombudsman","1.20.04","1.20 Citizen's rights","208 Right to privacy and access to government information","2 Civil rights, minority issues and civil liberties","201 Citizen's and human rights"
"6.10.09 Human rights situation in the world","6.10.09","6.10 Common foreign and security policy (CFSP)","1925 Human rights","19 International affairs and foreign aid",.
